INSERT INTO USER VALUES('3090216544', 'Gaz', 'Hermanson', 'x9;^D)YQAz');
INSERT INTO USER VALUES('5839292462', 'Tommie', 'Duffy', '>GbcV9%sp_');
INSERT INTO USER VALUES('9639967440', 'Trisha', 'Raines', '5Z_SUQt4#<');
INSERT INTO USER VALUES('1118134674', 'Colm', 'Waterman', '##Wc~$J787');
INSERT INTO USER VALUES('3735637257', 'Janice', 'Jordan', '~!TvkH6Meb');
INSERT INTO USER VALUES('2309227441', 'Ciaran', 'Dickenson', '6,Xn/T@H9R');
INSERT INTO USER VALUES('4965609651', 'Tyrone', 'Warren', '4(Ur)t5;PZ');

INSERT INTO DEVICE VALUES(1, true, '3090216544');
INSERT INTO DEVICE VALUES(1, true, '5839292462');
INSERT INTO DEVICE VALUES(2, true, '3090216544');
INSERT INTO DEVICE VALUES(3, true, '3090216544');
INSERT INTO DEVICE VALUES(4, true, '9639967440');
INSERT INTO DEVICE VALUES(5, false, '1118134674');
INSERT INTO DEVICE VALUES(6, false, '3735637257');

INSERT INTO CHAT VALUES(1, 'Family');
INSERT INTO CHAT VALUES(2, 'Hockey Team');
INSERT INTO CHAT VALUES(3, 'Marketing Team');
INSERT INTO CHAT VALUES(4, 'School Friends');
INSERT INTO CHAT VALUES(5, 'College Friends');

INSERT INTO PARTICIPANTS VALUES('3090216544', 1);
INSERT INTO PARTICIPANTS VALUES('5839292462', 1);
INSERT INTO PARTICIPANTS VALUES('9639967440', 1);
INSERT INTO PARTICIPANTS VALUES('9639967440', 2);
INSERT INTO PARTICIPANTS VALUES('1118134674', 2);
INSERT INTO PARTICIPANTS VALUES('3735637257', 2);
INSERT INTO PARTICIPANTS VALUES('9639967440', 3);
INSERT INTO PARTICIPANTS VALUES('2309227441', 3);
INSERT INTO PARTICIPANTS VALUES('4965609651', 3);
INSERT INTO PARTICIPANTS VALUES('4965609651', 4);
INSERT INTO PARTICIPANTS VALUES('3090216544', 4);
INSERT INTO PARTICIPANTS VALUES('3735637257', 4);
INSERT INTO PARTICIPANTS VALUES('2309227441', 4);
INSERT INTO PARTICIPANTS VALUES('2309227441', 5);
INSERT INTO PARTICIPANTS VALUES('1118134674', 5);
INSERT INTO PARTICIPANTS VALUES('4965609651', 5);

INSERT INTO MESSAGE VALUES(1, '2021-01-05 09:00:10', 'Hello everyone', 1, '3090216544');
INSERT INTO MESSAGE VALUES(2, '2021-01-05 09:05:15', 'Hi Gaz', 1, '5839292462');
INSERT INTO MESSAGE VALUES(3, '2020-10-19 12:10:35', 'What time is training?', 2, '1118134674');
INSERT INTO MESSAGE VALUES(4, '2020-10-19 12:30:27', '7pm', 2, '9639967440');
INSERT INTO MESSAGE VALUES(5, '2020-10-27 14:50:49', 'Good luck with the match!', 2, '3735637257');
INSERT INTO MESSAGE VALUES(6, '2020-10-27 14:55:05', 'Thank you!', 2, '9639967440');
INSERT INTO MESSAGE VALUES(7, '2021-08-02 11:15:23', 'Does anyone want to go for coffee?', 3, '2309227441');
INSERT INTO MESSAGE VALUES(8, '2021-04-15 19:30:59', 'Dinner this weekend?', 4, '3735637257');
INSERT INTO MESSAGE VALUES(9, '2021-04-15 19:40:00', 'Sounds fun', 4, '2309227441');
INSERT INTO MESSAGE VALUES(10, '2021-04-15 20:00:02', 'Friday?', 4, '4965609651');
INSERT INTO MESSAGE VALUES(11, '2020-09-01 22:00:34', 'Photos from last weekend', 5, '2309227441');
INSERT INTO MESSAGE VALUES(12, '2020-09-02 08:20:40', 'Those are great!', 5, '4965609651');

INSERT INTO MEDIA VALUES(1, 'C:\Photos\1', 11);
INSERT INTO MEDIA VALUES(2, 'C:\Photos\2', 11);
INSERT INTO MEDIA VALUES(3, 'C:\Photos\3', 11);
INSERT INTO MEDIA VALUES(4, 'C:\Photos\4', 11);
INSERT INTO MEDIA VALUES(5, 'C:\Photos\5', 11);







